<?xml version="1.0" encoding="UTF-8" standalone="no"?>
<!DOCTYPE preferences SYSTEM "http://java.sun.com/dtd/preferences.dtd">
<preferences EXTERNAL_XML_VERSION="1.0">
  <root type="user">
    <map/>
      <node name="edu">
        <map/>
        <node name="cwru">
          <map/>
          <node name="sepia">
            <map/>
            <node name="agent">
            	<map/>
            	<node name="templatefiles">
            		<map>
            			<entry key="Global" value="data/unit_templates"/>
            		</map>
            	</node>
            </node>
            <node name="experiment">
          	<map>
              <entry key="NumEpisodes" value="10"/>
            </map>
          </node>
          <node name="environment">
              <map>
                <entry key="NumEpisodes" value="1"/>
                <entry key="TurnTracker" value="edu.cwru.sepia.environment.SequentialTurnTracker"/>
              </map>
              	<node name="model">
	              <map>
	                <entry key="Conquest" value="true"/>
	                <entry key="Midas" value="false"/>
	                <entry key="ManifestDestiny" value="false"/>
	                <entry key="TimeLimit" value="65535"/>
	              </map>
	            </node>
            </node>
          </node>
        </node>
      </node>
  </root>
</preferences>
