<?xml version="1.0" encoding="UTF-8" standalone="yes"?>
<state fogOfWar="false" nextTemplateID="22" nextTargetID="20" yExtent="8" xExtent="10">
    <player>
        <ID>0</ID>
        <unit>
            <ID>0</ID>
            <currentHealth>60</currentHealth>
            <xPosition>2</xPosition>
            <yPosition>2</yPosition>
            <templateID>4</templateID>
            <cargoAmount>0</cargoAmount>
            <unitTask>Idle</unitTask>
            <progressAmount>0</progressAmount>
        </unit>
        <unit>
            <ID>1</ID>
            <currentHealth>60</currentHealth>
            <xPosition>2</xPosition>
            <yPosition>3</yPosition>
            <templateID>4</templateID>
            <cargoAmount>0</cargoAmount>
            <unitTask>Idle</unitTask>
            <progressAmount>0</progressAmount>
        </unit>
        <unit>
            <ID>2</ID>
            <currentHealth>60</currentHealth>
            <xPosition>2</xPosition>
            <yPosition>4</yPosition>
            <templateID>4</templateID>
            <cargoAmount>0</cargoAmount>
            <unitTask>Idle</unitTask>
            <progressAmount>0</progressAmount>
        </unit>
        <unit>
            <ID>3</ID>
            <currentHealth>60</currentHealth>
            <xPosition>2</xPosition>
            <yPosition>5</yPosition>
            <templateID>4</templateID>
            <cargoAmount>0</cargoAmount>
            <unitTask>Idle</unitTask>
            <progressAmount>0</progressAmount>
        </unit>
        <unit>
            <ID>10</ID>
            <currentHealth>90</currentHealth>
            <xPosition>2</xPosition>
            <yPosition>1</yPosition>
            <templateID>6</templateID>
            <cargoAmount>0</cargoAmount>
            <unitTask>Idle</unitTask>
            <progressAmount>0</progressAmount>
        </unit>
        <unit>
            <ID>11</ID>
            <currentHealth>90</currentHealth>
            <xPosition>2</xPosition>
            <yPosition>6</yPosition>
            <templateID>6</templateID>
            <cargoAmount>0</cargoAmount>
            <unitTask>Idle</unitTask>
            <progressAmount>0</progressAmount>
        </unit>
        <unit>
            <ID>12</ID>
            <currentHealth>40</currentHealth>
            <xPosition>1</xPosition>
            <yPosition>2</yPosition>
            <templateID>10</templateID>
            <cargoAmount>0</cargoAmount>
            <unitTask>Idle</unitTask>
            <progressAmount>0</progressAmount>
        </unit>
        <unit>
            <ID>13</ID>
            <currentHealth>40</currentHealth>
            <xPosition>1</xPosition>
            <yPosition>3</yPosition>
            <templateID>10</templateID>
            <cargoAmount>0</cargoAmount>
            <unitTask>Idle</unitTask>
            <progressAmount>0</progressAmount>
        </unit>
        <unit>
            <ID>14</ID>
            <currentHealth>40</currentHealth>
            <xPosition>1</xPosition>
            <yPosition>4</yPosition>
            <templateID>10</templateID>
            <cargoAmount>0</cargoAmount>
            <unitTask>Idle</unitTask>
            <progressAmount>0</progressAmount>
        </unit>
        <unit>
            <ID>15</ID>
            <currentHealth>40</currentHealth>
            <xPosition>1</xPosition>
            <yPosition>5</yPosition>
            <templateID>10</templateID>
            <cargoAmount>0</cargoAmount>
            <unitTask>Idle</unitTask>
            <progressAmount>0</progressAmount>
        </unit>
        <template xsi:type="UpgradeTemplate" xmlns:xsi="http://www.w3.org/2001/XMLSchema-instance">
            <ID>0</ID>
            <foodCost>0</foodCost>
            <goldCost>100</goldCost>
            <woodCost>50</woodCost>
            <timeCost>1</timeCost>
            <name>WeaponOne</name>
            <attackChange>1</attackChange>
            <defenseChange>0</defenseChange>
            <affectedUnitTypes>Footman</affectedUnitTypes>
        </template>
        <template xsi:type="UpgradeTemplate" xmlns:xsi="http://www.w3.org/2001/XMLSchema-instance">
            <ID>1</ID>
            <foodCost>0</foodCost>
            <goldCost>200</goldCost>
            <woodCost>100</woodCost>
            <timeCost>1</timeCost>
            <name>WeaponTwo</name>
            <upgradePrerequisite>WeaponOne</upgradePrerequisite>
            <attackChange>1</attackChange>
            <defenseChange>0</defenseChange>
            <affectedUnitTypes>Footman</affectedUnitTypes>
        </template>
        <template xsi:type="UpgradeTemplate" xmlns:xsi="http://www.w3.org/2001/XMLSchema-instance">
            <ID>2</ID>
            <foodCost>0</foodCost>
            <goldCost>100</goldCost>
            <woodCost>50</woodCost>
            <timeCost>1</timeCost>
            <name>ArmorOne</name>
            <attackChange>0</attackChange>
            <defenseChange>1</defenseChange>
            <affectedUnitTypes>Footman</affectedUnitTypes>
        </template>
        <template xsi:type="UnitTemplate" xmlns:xsi="http://www.w3.org/2001/XMLSchema-instance">
            <ID>3</ID>
            <foodCost>0</foodCost>
            <goldCost>0</goldCost>
            <woodCost>0</woodCost>
            <timeCost>1</timeCost>
            <name>TownHall</name>
            <baseHealth>1200</baseHealth>
            <baseAttack>0</baseAttack>
            <piercingAttack>0</piercingAttack>
            <range>0</range>
            <armor>20</armor>
            <sightRange>1</sightRange>
            <canGather>false</canGather>
            <canBuild>false</canBuild>
            <canMove>false</canMove>
            <canAcceptGold>true</canAcceptGold>
            <canAcceptWood>true</canAcceptWood>
            <foodProvided>3</foodProvided>
            <character>72</character>
            <goldGatherRate>0</goldGatherRate>
            <woodGatherRate>0</woodGatherRate>
            <durationWoodGather>1</durationWoodGather>
            <durationGoldGather>1</durationGoldGather>
            <durationMove>1</durationMove>
            <durationAttack>1</durationAttack>
            <durationDeposit>1</durationDeposit>
            <produces>Peasant</produces>
        </template>
        <template xsi:type="UnitTemplate" xmlns:xsi="http://www.w3.org/2001/XMLSchema-instance">
            <ID>4</ID>
            <foodCost>1</foodCost>
            <goldCost>0</goldCost>
            <woodCost>0</woodCost>
            <timeCost>1</timeCost>
            <name>Footman</name>
            <baseHealth>60</baseHealth>
            <baseAttack>6</baseAttack>
            <piercingAttack>3</piercingAttack>
            <range>1</range>
            <armor>2</armor>
            <sightRange>4</sightRange>
            <canGather>false</canGather>
            <canBuild>false</canBuild>
            <canMove>true</canMove>
            <canAcceptGold>false</canAcceptGold>
            <canAcceptWood>false</canAcceptWood>
            <foodProvided>0</foodProvided>
            <character>102</character>
            <goldGatherRate>0</goldGatherRate>
            <woodGatherRate>0</woodGatherRate>
            <durationWoodGather>1</durationWoodGather>
            <durationGoldGather>1</durationGoldGather>
            <durationMove>4</durationMove>
            <durationAttack>4</durationAttack>
            <durationDeposit>1</durationDeposit>
        </template>
        <template xsi:type="UnitTemplate" xmlns:xsi="http://www.w3.org/2001/XMLSchema-instance">
            <ID>5</ID>
            <foodCost>1</foodCost>
            <goldCost>0</goldCost>
            <woodCost>0</woodCost>
            <timeCost>1</timeCost>
            <name>Peasant</name>
            <baseHealth>30</baseHealth>
            <baseAttack>3</baseAttack>
            <piercingAttack>2</piercingAttack>
            <range>1</range>
            <armor>0</armor>
            <sightRange>4</sightRange>
            <canGather>true</canGather>
            <canBuild>true</canBuild>
            <canMove>true</canMove>
            <canAcceptGold>false</canAcceptGold>
            <canAcceptWood>false</canAcceptWood>
            <foodProvided>0</foodProvided>
            <character>112</character>
            <goldGatherRate>50</goldGatherRate>
            <woodGatherRate>20</woodGatherRate>
            <durationWoodGather>4</durationWoodGather>
            <durationGoldGather>4</durationGoldGather>
            <durationMove>4</durationMove>
            <durationAttack>4</durationAttack>
            <durationDeposit>4</durationDeposit>
            <produces>TownHall</produces>
            <produces>Barracks</produces>
            <produces>Blacksmith</produces>
            <produces>Farm</produces>
        </template>
        <template xsi:type="UnitTemplate" xmlns:xsi="http://www.w3.org/2001/XMLSchema-instance">
            <ID>6</ID>
            <foodCost>1</foodCost>
            <goldCost>0</goldCost>
            <woodCost>0</woodCost>
            <timeCost>1</timeCost>
            <name>Knight</name>
            <baseHealth>90</baseHealth>
            <baseAttack>8</baseAttack>
            <piercingAttack>4</piercingAttack>
            <range>1</range>
            <armor>4</armor>
            <sightRange>4</sightRange>
            <canGather>false</canGather>
            <canBuild>false</canBuild>
            <canMove>true</canMove>
            <canAcceptGold>false</canAcceptGold>
            <canAcceptWood>false</canAcceptWood>
            <foodProvided>0</foodProvided>
            <character>107</character>
            <goldGatherRate>0</goldGatherRate>
            <woodGatherRate>0</woodGatherRate>
            <durationWoodGather>1</durationWoodGather>
            <durationGoldGather>1</durationGoldGather>
            <durationMove>4</durationMove>
            <durationAttack>4</durationAttack>
            <durationDeposit>1</durationDeposit>
        </template>
        <template xsi:type="UnitTemplate" xmlns:xsi="http://www.w3.org/2001/XMLSchema-instance">
            <ID>7</ID>
            <foodCost>0</foodCost>
            <goldCost>0</goldCost>
            <woodCost>0</woodCost>
            <timeCost>1</timeCost>
            <name>Farm</name>
            <baseHealth>400</baseHealth>
            <baseAttack>0</baseAttack>
            <piercingAttack>0</piercingAttack>
            <range>0</range>
            <armor>20</armor>
            <sightRange>1</sightRange>
            <canGather>false</canGather>
            <canBuild>false</canBuild>
            <canMove>false</canMove>
            <canAcceptGold>false</canAcceptGold>
            <canAcceptWood>false</canAcceptWood>
            <foodProvided>4</foodProvided>
            <character>70</character>
            <goldGatherRate>0</goldGatherRate>
            <woodGatherRate>0</woodGatherRate>
            <durationWoodGather>1</durationWoodGather>
            <durationGoldGather>1</durationGoldGather>
            <durationMove>1</durationMove>
            <durationAttack>1</durationAttack>
            <durationDeposit>1</durationDeposit>
        </template>
        <template xsi:type="UnitTemplate" xmlns:xsi="http://www.w3.org/2001/XMLSchema-instance">
            <ID>8</ID>
            <foodCost>0</foodCost>
            <goldCost>0</goldCost>
            <woodCost>0</woodCost>
            <timeCost>1</timeCost>
            <name>Barracks</name>
            <baseHealth>800</baseHealth>
            <baseAttack>0</baseAttack>
            <piercingAttack>0</piercingAttack>
            <range>0</range>
            <armor>20</armor>
            <sightRange>1</sightRange>
            <canGather>false</canGather>
            <canBuild>false</canBuild>
            <canMove>false</canMove>
            <canAcceptGold>false</canAcceptGold>
            <canAcceptWood>false</canAcceptWood>
            <foodProvided>0</foodProvided>
            <character>66</character>
            <goldGatherRate>0</goldGatherRate>
            <woodGatherRate>0</woodGatherRate>
            <durationWoodGather>1</durationWoodGather>
            <durationGoldGather>1</durationGoldGather>
            <durationMove>1</durationMove>
            <durationAttack>1</durationAttack>
            <durationDeposit>1</durationDeposit>
            <produces>Footman</produces>
        </template>
        <template xsi:type="UnitTemplate" xmlns:xsi="http://www.w3.org/2001/XMLSchema-instance">
            <ID>9</ID>
            <foodCost>0</foodCost>
            <goldCost>0</goldCost>
            <woodCost>0</woodCost>
            <timeCost>1</timeCost>
            <name>Blacksmith</name>
            <unitPrerequisite>Barracks</unitPrerequisite>
            <baseHealth>775</baseHealth>
            <baseAttack>0</baseAttack>
            <piercingAttack>0</piercingAttack>
            <range>0</range>
            <armor>20</armor>
            <sightRange>1</sightRange>
            <canGather>false</canGather>
            <canBuild>false</canBuild>
            <canMove>false</canMove>
            <canAcceptGold>false</canAcceptGold>
            <canAcceptWood>false</canAcceptWood>
            <foodProvided>0</foodProvided>
            <character>76</character>
            <goldGatherRate>0</goldGatherRate>
            <woodGatherRate>0</woodGatherRate>
            <durationWoodGather>1</durationWoodGather>
            <durationGoldGather>1</durationGoldGather>
            <durationMove>1</durationMove>
            <durationAttack>1</durationAttack>
            <durationDeposit>1</durationDeposit>
            <produces>WeaponOne</produces>
            <produces>WeaponTwo</produces>
            <produces>ArmorOne</produces>
        </template>
        <template xsi:type="UnitTemplate" xmlns:xsi="http://www.w3.org/2001/XMLSchema-instance">
            <ID>10</ID>
            <foodCost>1</foodCost>
            <goldCost>0</goldCost>
            <woodCost>0</woodCost>
            <timeCost>1</timeCost>
            <name>Archer</name>
            <baseHealth>40</baseHealth>
            <baseAttack>3</baseAttack>
            <piercingAttack>6</piercingAttack>
            <range>4</range>
            <armor>0</armor>
            <sightRange>5</sightRange>
            <canGather>false</canGather>
            <canBuild>false</canBuild>
            <canMove>true</canMove>
            <canAcceptGold>false</canAcceptGold>
            <canAcceptWood>false</canAcceptWood>
            <foodProvided>0</foodProvided>
            <character>97</character>
            <goldGatherRate>0</goldGatherRate>
            <woodGatherRate>0</woodGatherRate>
            <durationWoodGather>1</durationWoodGather>
            <durationGoldGather>1</durationGoldGather>
            <durationMove>4</durationMove>
            <durationAttack>4</durationAttack>
            <durationDeposit>1</durationDeposit>
        </template>
        <resourceAmount>
            <quantity>0</quantity>
            <type>GOLD</type>
        </resourceAmount>
        <resourceAmount>
            <quantity>0</quantity>
            <type>WOOD</type>
        </resourceAmount>
        <supply>10</supply>
        <supplyCap>0</supplyCap>
    </player>
    <player>
        <ID>1</ID>
        <unit>
            <ID>17</ID>
            <currentHealth>40</currentHealth>
            <xPosition>8</xPosition>
            <yPosition>3</yPosition>
            <templateID>21</templateID>
            <cargoAmount>0</cargoAmount>
            <unitTask>Idle</unitTask>
            <progressAmount>0</progressAmount>
        </unit>
        <unit>
            <ID>16</ID>
            <currentHealth>40</currentHealth>
            <xPosition>8</xPosition>
            <yPosition>2</yPosition>
            <templateID>21</templateID>
            <cargoAmount>0</cargoAmount>
            <unitTask>Idle</unitTask>
            <progressAmount>0</progressAmount>
        </unit>
        <unit>
            <ID>19</ID>
            <currentHealth>40</currentHealth>
            <xPosition>8</xPosition>
            <yPosition>5</yPosition>
            <templateID>21</templateID>
            <cargoAmount>0</cargoAmount>
            <unitTask>Idle</unitTask>
            <progressAmount>0</progressAmount>
        </unit>
        <unit>
            <ID>18</ID>
            <currentHealth>40</currentHealth>
            <xPosition>8</xPosition>
            <yPosition>4</yPosition>
            <templateID>21</templateID>
            <cargoAmount>0</cargoAmount>
            <unitTask>Idle</unitTask>
            <progressAmount>0</progressAmount>
        </unit>
        <unit>
            <ID>4</ID>
            <currentHealth>60</currentHealth>
            <xPosition>7</xPosition>
            <yPosition>2</yPosition>
            <templateID>15</templateID>
            <cargoAmount>0</cargoAmount>
            <unitTask>Idle</unitTask>
            <progressAmount>0</progressAmount>
        </unit>
        <unit>
            <ID>5</ID>
            <currentHealth>60</currentHealth>
            <xPosition>7</xPosition>
            <yPosition>3</yPosition>
            <templateID>15</templateID>
            <cargoAmount>0</cargoAmount>
            <unitTask>Idle</unitTask>
            <progressAmount>0</progressAmount>
        </unit>
        <unit>
            <ID>6</ID>
            <currentHealth>60</currentHealth>
            <xPosition>7</xPosition>
            <yPosition>4</yPosition>
            <templateID>15</templateID>
            <cargoAmount>0</cargoAmount>
            <unitTask>Idle</unitTask>
            <progressAmount>0</progressAmount>
        </unit>
        <unit>
            <ID>7</ID>
            <currentHealth>60</currentHealth>
            <xPosition>7</xPosition>
            <yPosition>5</yPosition>
            <templateID>15</templateID>
            <cargoAmount>0</cargoAmount>
            <unitTask>Idle</unitTask>
            <progressAmount>0</progressAmount>
        </unit>
        <unit>
            <ID>8</ID>
            <currentHealth>90</currentHealth>
            <xPosition>7</xPosition>
            <yPosition>1</yPosition>
            <templateID>17</templateID>
            <cargoAmount>0</cargoAmount>
            <unitTask>Idle</unitTask>
            <progressAmount>0</progressAmount>
        </unit>
        <unit>
            <ID>9</ID>
            <currentHealth>90</currentHealth>
            <xPosition>7</xPosition>
            <yPosition>6</yPosition>
            <templateID>17</templateID>
            <cargoAmount>0</cargoAmount>
            <unitTask>Idle</unitTask>
            <progressAmount>0</progressAmount>
        </unit>
        <template xsi:type="UnitTemplate" xmlns:xsi="http://www.w3.org/2001/XMLSchema-instance">
            <ID>17</ID>
            <foodCost>1</foodCost>
            <goldCost>0</goldCost>
            <woodCost>0</woodCost>
            <timeCost>1</timeCost>
            <name>Knight</name>
            <baseHealth>90</baseHealth>
            <baseAttack>8</baseAttack>
            <piercingAttack>4</piercingAttack>
            <range>1</range>
            <armor>4</armor>
            <sightRange>4</sightRange>
            <canGather>false</canGather>
            <canBuild>false</canBuild>
            <canMove>true</canMove>
            <canAcceptGold>false</canAcceptGold>
            <canAcceptWood>false</canAcceptWood>
            <foodProvided>0</foodProvided>
            <character>107</character>
            <goldGatherRate>0</goldGatherRate>
            <woodGatherRate>0</woodGatherRate>
            <durationWoodGather>1</durationWoodGather>
            <durationGoldGather>1</durationGoldGather>
            <durationMove>4</durationMove>
            <durationAttack>4</durationAttack>
            <durationDeposit>1</durationDeposit>
        </template>
        <template xsi:type="UnitTemplate" xmlns:xsi="http://www.w3.org/2001/XMLSchema-instance">
            <ID>16</ID>
            <foodCost>1</foodCost>
            <goldCost>0</goldCost>
            <woodCost>0</woodCost>
            <timeCost>1</timeCost>
            <name>Peasant</name>
            <baseHealth>30</baseHealth>
            <baseAttack>3</baseAttack>
            <piercingAttack>2</piercingAttack>
            <range>1</range>
            <armor>0</armor>
            <sightRange>4</sightRange>
            <canGather>true</canGather>
            <canBuild>true</canBuild>
            <canMove>true</canMove>
            <canAcceptGold>false</canAcceptGold>
            <canAcceptWood>false</canAcceptWood>
            <foodProvided>0</foodProvided>
            <character>112</character>
            <goldGatherRate>50</goldGatherRate>
            <woodGatherRate>20</woodGatherRate>
            <durationWoodGather>4</durationWoodGather>
            <durationGoldGather>4</durationGoldGather>
            <durationMove>4</durationMove>
            <durationAttack>4</durationAttack>
            <durationDeposit>4</durationDeposit>
            <produces>TownHall</produces>
            <produces>Barracks</produces>
            <produces>Blacksmith</produces>
            <produces>Farm</produces>
        </template>
        <template xsi:type="UnitTemplate" xmlns:xsi="http://www.w3.org/2001/XMLSchema-instance">
            <ID>19</ID>
            <foodCost>0</foodCost>
            <goldCost>0</goldCost>
            <woodCost>0</woodCost>
            <timeCost>1</timeCost>
            <name>Barracks</name>
            <baseHealth>800</baseHealth>
            <baseAttack>0</baseAttack>
            <piercingAttack>0</piercingAttack>
            <range>0</range>
            <armor>20</armor>
            <sightRange>1</sightRange>
            <canGather>false</canGather>
            <canBuild>false</canBuild>
            <canMove>false</canMove>
            <canAcceptGold>false</canAcceptGold>
            <canAcceptWood>false</canAcceptWood>
            <foodProvided>0</foodProvided>
            <character>66</character>
            <goldGatherRate>0</goldGatherRate>
            <woodGatherRate>0</woodGatherRate>
            <durationWoodGather>1</durationWoodGather>
            <durationGoldGather>1</durationGoldGather>
            <durationMove>1</durationMove>
            <durationAttack>1</durationAttack>
            <durationDeposit>1</durationDeposit>
            <produces>Footman</produces>
        </template>
        <template xsi:type="UnitTemplate" xmlns:xsi="http://www.w3.org/2001/XMLSchema-instance">
            <ID>18</ID>
            <foodCost>0</foodCost>
            <goldCost>0</goldCost>
            <woodCost>0</woodCost>
            <timeCost>1</timeCost>
            <name>Farm</name>
            <baseHealth>400</baseHealth>
            <baseAttack>0</baseAttack>
            <piercingAttack>0</piercingAttack>
            <range>0</range>
            <armor>20</armor>
            <sightRange>1</sightRange>
            <canGather>false</canGather>
            <canBuild>false</canBuild>
            <canMove>false</canMove>
            <canAcceptGold>false</canAcceptGold>
            <canAcceptWood>false</canAcceptWood>
            <foodProvided>4</foodProvided>
            <character>70</character>
            <goldGatherRate>0</goldGatherRate>
            <woodGatherRate>0</woodGatherRate>
            <durationWoodGather>1</durationWoodGather>
            <durationGoldGather>1</durationGoldGather>
            <durationMove>1</durationMove>
            <durationAttack>1</durationAttack>
            <durationDeposit>1</durationDeposit>
        </template>
        <template xsi:type="UnitTemplate" xmlns:xsi="http://www.w3.org/2001/XMLSchema-instance">
            <ID>21</ID>
            <foodCost>1</foodCost>
            <goldCost>0</goldCost>
            <woodCost>0</woodCost>
            <timeCost>1</timeCost>
            <name>Archer</name>
            <baseHealth>40</baseHealth>
            <baseAttack>3</baseAttack>
            <piercingAttack>6</piercingAttack>
            <range>4</range>
            <armor>0</armor>
            <sightRange>5</sightRange>
            <canGather>false</canGather>
            <canBuild>false</canBuild>
            <canMove>true</canMove>
            <canAcceptGold>false</canAcceptGold>
            <canAcceptWood>false</canAcceptWood>
            <foodProvided>0</foodProvided>
            <character>97</character>
            <goldGatherRate>0</goldGatherRate>
            <woodGatherRate>0</woodGatherRate>
            <durationWoodGather>1</durationWoodGather>
            <durationGoldGather>1</durationGoldGather>
            <durationMove>4</durationMove>
            <durationAttack>4</durationAttack>
            <durationDeposit>1</durationDeposit>
        </template>
        <template xsi:type="UnitTemplate" xmlns:xsi="http://www.w3.org/2001/XMLSchema-instance">
            <ID>20</ID>
            <foodCost>0</foodCost>
            <goldCost>0</goldCost>
            <woodCost>0</woodCost>
            <timeCost>1</timeCost>
            <name>Blacksmith</name>
            <unitPrerequisite>Barracks</unitPrerequisite>
            <baseHealth>775</baseHealth>
            <baseAttack>0</baseAttack>
            <piercingAttack>0</piercingAttack>
            <range>0</range>
            <armor>20</armor>
            <sightRange>1</sightRange>
            <canGather>false</canGather>
            <canBuild>false</canBuild>
            <canMove>false</canMove>
            <canAcceptGold>false</canAcceptGold>
            <canAcceptWood>false</canAcceptWood>
            <foodProvided>0</foodProvided>
            <character>76</character>
            <goldGatherRate>0</goldGatherRate>
            <woodGatherRate>0</woodGatherRate>
            <durationWoodGather>1</durationWoodGather>
            <durationGoldGather>1</durationGoldGather>
            <durationMove>1</durationMove>
            <durationAttack>1</durationAttack>
            <durationDeposit>1</durationDeposit>
            <produces>WeaponOne</produces>
            <produces>WeaponTwo</produces>
            <produces>ArmorOne</produces>
        </template>
        <template xsi:type="UpgradeTemplate" xmlns:xsi="http://www.w3.org/2001/XMLSchema-instance">
            <ID>11</ID>
            <foodCost>0</foodCost>
            <goldCost>100</goldCost>
            <woodCost>50</woodCost>
            <timeCost>1</timeCost>
            <name>WeaponOne</name>
            <attackChange>1</attackChange>
            <defenseChange>0</defenseChange>
            <affectedUnitTypes>Footman</affectedUnitTypes>
        </template>
        <template xsi:type="UpgradeTemplate" xmlns:xsi="http://www.w3.org/2001/XMLSchema-instance">
            <ID>12</ID>
            <foodCost>0</foodCost>
            <goldCost>200</goldCost>
            <woodCost>100</woodCost>
            <timeCost>1</timeCost>
            <name>WeaponTwo</name>
            <upgradePrerequisite>WeaponOne</upgradePrerequisite>
            <attackChange>1</attackChange>
            <defenseChange>0</defenseChange>
            <affectedUnitTypes>Footman</affectedUnitTypes>
        </template>
        <template xsi:type="UpgradeTemplate" xmlns:xsi="http://www.w3.org/2001/XMLSchema-instance">
            <ID>13</ID>
            <foodCost>0</foodCost>
            <goldCost>100</goldCost>
            <woodCost>50</woodCost>
            <timeCost>1</timeCost>
            <name>ArmorOne</name>
            <attackChange>0</attackChange>
            <defenseChange>1</defenseChange>
            <affectedUnitTypes>Footman</affectedUnitTypes>
        </template>
        <template xsi:type="UnitTemplate" xmlns:xsi="http://www.w3.org/2001/XMLSchema-instance">
            <ID>14</ID>
            <foodCost>0</foodCost>
            <goldCost>0</goldCost>
            <woodCost>0</woodCost>
            <timeCost>1</timeCost>
            <name>TownHall</name>
            <baseHealth>1200</baseHealth>
            <baseAttack>0</baseAttack>
            <piercingAttack>0</piercingAttack>
            <range>0</range>
            <armor>20</armor>
            <sightRange>1</sightRange>
            <canGather>false</canGather>
            <canBuild>false</canBuild>
            <canMove>false</canMove>
            <canAcceptGold>true</canAcceptGold>
            <canAcceptWood>true</canAcceptWood>
            <foodProvided>3</foodProvided>
            <character>72</character>
            <goldGatherRate>0</goldGatherRate>
            <woodGatherRate>0</woodGatherRate>
            <durationWoodGather>1</durationWoodGather>
            <durationGoldGather>1</durationGoldGather>
            <durationMove>1</durationMove>
            <durationAttack>1</durationAttack>
            <durationDeposit>1</durationDeposit>
            <produces>Peasant</produces>
        </template>
        <template xsi:type="UnitTemplate" xmlns:xsi="http://www.w3.org/2001/XMLSchema-instance">
            <ID>15</ID>
            <foodCost>1</foodCost>
            <goldCost>0</goldCost>
            <woodCost>0</woodCost>
            <timeCost>1</timeCost>
            <name>Footman</name>
            <baseHealth>60</baseHealth>
            <baseAttack>6</baseAttack>
            <piercingAttack>3</piercingAttack>
            <range>1</range>
            <armor>2</armor>
            <sightRange>4</sightRange>
            <canGather>false</canGather>
            <canBuild>false</canBuild>
            <canMove>true</canMove>
            <canAcceptGold>false</canAcceptGold>
            <canAcceptWood>false</canAcceptWood>
            <foodProvided>0</foodProvided>
            <character>102</character>
            <goldGatherRate>0</goldGatherRate>
            <woodGatherRate>0</woodGatherRate>
            <durationWoodGather>1</durationWoodGather>
            <durationGoldGather>1</durationGoldGather>
            <durationMove>4</durationMove>
            <durationAttack>4</durationAttack>
            <durationDeposit>1</durationDeposit>
        </template>
        <resourceAmount>
            <quantity>0</quantity>
            <type>GOLD</type>
        </resourceAmount>
        <resourceAmount>
            <quantity>0</quantity>
            <type>WOOD</type>
        </resourceAmount>
        <supply>10</supply>
        <supplyCap>0</supplyCap>
    </player>
</state>
