<Configuration>
	<Map>data/nondurcom_4f1ax8.xml</Map>
	<Player Id="0">
		<AgentClass>
			<ClassName>edu.cwru.sepia.agent.CombatAgent</ClassName>
		</AgentClass>
		<AgentClass>
			<ClassName>edu.cwru.sepia.agent.visual.VisualAgent</ClassName>
			<Argument>true</Argument>
			<Argument>false</Argument>
		</AgentClass>
	</Player>
	<Player Id="1">
		<AgentClass>
			<ClassName>edu.cwru.sepia.agent.CombatAgent</ClassName>
		</AgentClass>
	</Player>
	<Player Id="2">
		<AgentClass>
			<ClassName>edu.cwru.sepia.agent.CombatAgent</ClassName>
		</AgentClass>
	</Player>
	<Player Id="3">
		<AgentClass>
			<ClassName>edu.cwru.sepia.agent.CombatAgent</ClassName>
		</AgentClass>
	</Player>
	<Player Id="4">
		<AgentClass>
			<ClassName>edu.cwru.sepia.agent.CombatAgent</ClassName>
		</AgentClass>
	</Player>
	<Player Id="5">
		<AgentClass>
			<ClassName>edu.cwru.sepia.agent.CombatAgent</ClassName>
		</AgentClass>
	</Player>
	<Player Id="6">
		<AgentClass>
			<ClassName>edu.cwru.sepia.agent.CombatAgent</ClassName>
		</AgentClass>
	</Player>
	<Player Id="7">
		<AgentClass>
			<ClassName>edu.cwru.sepia.agent.CombatAgent</ClassName>
		</AgentClass>
	</Player>
	<ModelParameters>
		<Conquest>true</Conquest>
		<Midas>false</Midas>
		<ManifestDestiny>false</ManifestDestiny>
		<TimeLimit>1000</TimeLimit>
	</ModelParameters>
	<Runner>
		<RunnerClass>edu.cwru.sepia.experiment.ExampleRunner</RunnerClass>
		<Parameter Name="experiment.NumEpisodes" Value="5"/>
		<Parameter Name="experiment.EpisodesPerSave" Value="2"/>
		<Parameter Name="experiment.SaveAgents" Value="false"/>
		<Parameter Name="experiment.episodesperagentsave" Value="4" />
		<Parameter Name="experiment.episodesperreplaysave" Value="4" />
		<Parameter Name="experiment.save.replaydirectory" Value="saves/test1" />
		<Parameter Name="experiment.save.agentdirectory" Value="saves/test1" />
		<Parameter Name="experiment.temp.thing" Value="saves/test1" />
	</Runner>
</Configuration>